{
    "$schema": "https://schema.management.azure.com/schemas/2015-01-01/deploymentParameters.json#",
    "contentVersion": "1.0.0.0",
    "parameters": {
        "azureSearchLocation": {
            "value": {
                "type": "String",
                "value": "eastus"
            }
        },
        "azureSearchSku": {
            "value": {
                "type": "String",
                "value": "free"
            }
        },
        "searchHostingMode": {
            "value": {
                "type": "String",
                "value": "Default"
            }
        },
        "umiId": {
            "value": {
                "type": "String",
                "value": "{     \"$schema\": \"https://schema.management.azure.com/schemas/2019-04-01/deploymentTemplate.json#\",     \"contentVersion\": \"1.0.0.0\",     \"parameters\": {         \"botId\": {             \"defaultValue\": \"##BOTID\",             \"type\": \"String\"         },         \"location\": {             \"type\": \"String\"         },         \"sku\": {             \"defaultValue\": \"S1\",             \"type\": \"String\"         },         \"siteName\": {             \"type\": \"String\"         },         \"appServiceLocation\": {             \"defaultValue\": \"\",             \"type\": \"String\"         },         \"appId\": {             \"defaultValue\": \"\",             \"type\": \"String\"         },         \"tenantId\": {             \"defaultValue\": \"\",             \"type\": \"String\"         },         \"resourceId\": {             \"defaultValue\": \"\",             \"type\": \"String\"         },         \"sdkLanguage\": {             \"type\": \"String\"         },         \"serverFarmId\": {             \"defaultValue\": \"\",             \"type\": \"String\"         },         \"qnAKnowledgebaseId\": {             \"defaultValue\": \"\",             \"type\": \"String\"         },         \"qnAEndpointKey\": {             \"defaultValue\": \"\",             \"type\": \"String\"         },         \"languageResourceKey\": {             \"defaultValue\": \"\",             \"type\": \"String\"         },         \"qnAEndpointHostName\": {             \"defaultValue\": \"\",             \"type\": \"String\"         },         \"projectName\": {             \"defaultValue\": \"\",             \"type\": \"String\"         },         \"languageEndpointHostName\": {             \"defaultValue\": \"\",             \"type\": \"String\"         },         \"createNewApp\": {             \"type\": \"Bool\"         },         \"createServerFarm\": {             \"type\": \"Bool\"         },         \"serverFarmSku\": {             \"defaultValue\": {                 \"name\": \"S1\",                 \"tier\": \"Standard\",                 \"size\": \"S1\",                 \"family\": \"S\",                 \"capacity\": 1             },             \"type\": \"Object\"         },         \"serverFarmName\": {             \"type\": \"String\"         }     },     \"variables\": {         \"identityResourceName\": \"[parameters('botId')]\",         \"identityResourceID\": \"[resourceId('Microsoft.ManagedIdentity/userAssignedIdentities', variables('identityResourceName'))]\",         \"siteHost\": \"[concat(parameters('siteName'), '.azurewebsites.net')]\",         \"botEndpoint\": \"[concat('https://', variables('siteHost'), '/api/messages')]\",         \"zipUrl\": \"[if(equals(parameters('sdkLanguage'), 'C#'),'https://bot-framework.azureedge.net/static/362330-0ed6ce5342/bot-packages/v1.3.27-359908/csharp-abs-webapp-v4_qnabotwithmsi_precompiled.zip','https://bot-framework.azureedge.net/static/362330-0ed6ce5342/bot-packages/v1.3.27-359908/node.js-abs-webapp-v4_qnabotwithmsi.zip')]\",         \"serverFarmLocation\": \"[if(parameters('createServerFarm'), resourceGroup().location, parameters('appServiceLocation'))]\",         \"isLanguage\": \"[not(empty(parameters('projectName')))]\",         \"qnaAppSetting\": [             {                 \"name\": \"QnAKnowledgebaseId\",                 \"value\": \"[parameters('qnAKnowledgebaseId')]\"             },             {                 \"name\": \"QnAEndpointKey\",                 \"value\": \"[parameters('qnAEndpointKey')]\"             },             {                 \"name\": \"QnAEndpointHostName\",                 \"value\": \"[parameters('qnAEndpointHostName')]\"             }         ],         \"languageAppSetting\": [             {                 \"name\": \"ProjectName\",                 \"value\": \"[parameters('projectName')]\"             },             {                 \"name\": \"LanguageEndpointKey\",                 \"value\": \"[parameters('languageResourceKey')]\"             },             {                 \"name\": \"LanguageEndpointHostName\",                 \"value\": \"[parameters('languageEndpointHostName')]\"             },             {                 \"name\": \"EnablePreciseAnswer\",                 \"value\": true             },             {                 \"name\": \"DisplayPreciseAnswerOnly\",                 \"value\": false             }         ],         \"appSettings\": \"[if(variables('isLanguage'), variables('languageAppSetting'), variables('qnaAppSetting'))]\"     },     \"resources\": [         {             \"type\": \"Microsoft.Web/serverfarms\",             \"apiVersion\": \"2016-09-01\",             \"name\": \"[parameters('serverFarmName')]\",             \"location\": \"[variables('serverFarmLocation')]\",             \"sku\": \"[parameters('serverFarmSku')]\",             \"properties\": {                 \"name\": \"[parameters('serverFarmName')]\"             },             \"condition\": \"[parameters('createServerFarm')]\"         },         {             \"type\": \"Microsoft.ManagedIdentity/userAssignedIdentities\",             \"apiVersion\": \"2018-11-30\",             \"name\": \"[variables('identityResourceName')]\",             \"location\": \"[resourceGroup().location]\",             \"properties\": {},             \"condition\": \"[parameters('createNewApp')]\"         },         {             \"type\": \"Microsoft.Web/sites\",             \"apiVersion\": \"2021-03-01\",             \"name\": \"[parameters('siteName')]\",             \"location\": \"[variables('serverFarmLocation')]\",             \"dependsOn\": [                 \"[resourceId('Microsoft.ManagedIdentity/userAssignedIdentities', variables('identityResourceName'))]\",                 \"[resourceId('Microsoft.Web/serverfarms', parameters('serverFarmName'))]\"             ],             \"kind\": \"app\",             \"identity\": {                 \"type\": \"UserAssigned\",                 \"userAssignedIdentities\": {                     \"[if(parameters('createNewApp'), variables('identityResourceID'), parameters('resourceId'))]\": {}                 }             },             \"properties\": {                 \"name\": \"[parameters('siteName')]\",                 \"serverFarmId\": \"[if(parameters('createServerFarm'), parameters('serverFarmName'), parameters('serverFarmId'))]\",                 \"siteConfig\": {                     \"appSettings\": \"[concat(createArray(createObject('name', 'WEBSITE_NODE_DEFAULT_VERSION', 'value', '~14'), createObject('name', 'MicrosoftAppType', 'value', 'UserAssignedMSI'), createObject('name', 'MicrosoftAppId', 'value', if(parameters('createNewApp'), reference(variables('identityResourceID')).clientId, parameters('appId'))), createObject('name', 'MicrosoftAppTenantId', 'value', if(parameters('createNewApp'), reference(variables('identityResourceID')).tenantId, parameters('tenantId')))), variables('appSettings'))]\",                     \"webSocketsEnabled\": true,                     \"cors\": {                         \"allowedOrigins\": [                             \"https://ms.portal.azure.com\",                             \"https://botservice.hosting.portal.azure.net\",                             \"https://botservice-ms.hosting.portal.azure.net\",                             \"https://hosting.onecloud.azure-test.net/\"                         ]                     }                 }             },             \"resources\": [                 {                     \"type\": \"Extensions\",                     \"apiVersion\": \"2020-12-01\",                     \"name\": \"MSDeploy\",                     \"dependsOn\": [                         \"[concat('Microsoft.Web/Sites/', parameters('siteName'))]\"                     ],                     \"properties\": {                         \"packageUri\": \"[variables('zipUrl')]\",                         \"dbType\": \"None\",                         \"connectionString\": \"\",                         \"setParameters\": {                             \"IIS Web Application Name\": \"[parameters('siteName')]\"                         }                     },                     \"condition\": \"[not(equals(variables('zipUrl'), ''))]\"                 }             ],             \"condition\": \"[not(equals(variables('zipUrl'), ''))]\"         },         {             \"type\": \"Microsoft.BotService/botServices\",             \"apiVersion\": \"2018-07-12\",             \"name\": \"[parameters('botId')]\",             \"location\": \"[parameters('location')]\",             \"dependsOn\": [                 \"[resourceId('Microsoft.ManagedIdentity/userAssignedIdentities', variables('identityResourceName'))]\",                 \"[resourceId('Microsoft.Web/sites', parameters('siteName'))]\",                 \"MSDeploy\"             ],             \"tags\": {                 \"WebAppLinked\": \"true\"             },             \"sku\": {                 \"name\": \"[parameters('sku')]\"             },             \"kind\": \"azurebot\",             \"properties\": {                 \"name\": \"[parameters('botId')]\",                 \"displayName\": \"[parameters('botId')]\",                 \"endpoint\": \"[variables('botEndpoint')]\",                 \"msaAppType\": \"UserAssignedMSI\",                 \"msaAppId\": \"[if(parameters('createNewApp'), reference(variables('identityResourceID')).clientId, parameters('appId'))]\",                 \"msaAppTenantId\": \"[if(parameters('createNewApp'), reference(variables('identityResourceID')).tenantId, parameters('tenantId'))]\",                 \"msaAppMSIResourceId\": \"[if(parameters('createNewApp'), variables('identityResourceID'), parameters('resourceId'))]\"             }         }     ] }"
            }
        },
        "name": {
            "value": {
                "type": "String",
                "value": "atcsllanguagestudio"
            }
        },
        "location": {
            "value": {
                "type": "String",
                "value": "eastus"
            }
        },
        "resourceGroupName": {
            "value": {
                "type": "String",
                "value": "atcslindia"
            }
        },
        "resourceGroupId": {
            "value": {
                "type": "String",
                "value": "/subscriptions/feccb0c1-a66c-4c90-839e-0a40c407d7b2/resourceGroups/atcslindia"
            }
        },
        "sku": {
            "value": {
                "type": "String",
                "value": "F0"
            }
        },
        "tagValues": {
            "value": {
                "type": "Object",
                "value": {}
            }
        },
        "virtualNetworkType": {
            "value": {
                "type": "String",
                "value": "None"
            }
        },
        "vnet": {
            "value": {
                "type": "Object",
                "value": {}
            }
        },
        "ipRules": {
            "value": {
                "type": "Array",
                "value": []
            }
        },
        "identity": {
            "value": {
                "type": "Object",
                "value": {
                    "type": "SystemAssigned"
                }
            }
        }
    }
}