{
    "$schema": "https://schema.management.azure.com/schemas/2015-01-01/deploymentTemplate.json#",
    "contentVersion": "1.0.0.0",
    "parameters": {
        "azureSearchLocation": {
            "type": "String"
        },
        "azureSearchSku": {
            "type": "String"
        },
        "searchHostingMode": {
            "type": "String"
        },
        "umiId": {
            "type": "String"
        },
        "name": {
            "type": "String"
        },
        "location": {
            "type": "String"
        },
        "resourceGroupName": {
            "type": "String"
        },
        "resourceGroupId": {
            "type": "String"
        },
        "sku": {
            "type": "String"
        },
        "tagValues": {
            "type": "Object"
        },
        "virtualNetworkType": {
            "type": "String"
        },
        "vnet": {
            "type": "Object"
        },
        "ipRules": {
            "type": "Array"
        },
        "identity": {
            "type": "Object"
        }
    },
    "variables": {
        "puredAzureSearchName": "[replace(parameters('name'), '-', '')]",
        "normalizedAzureSearchName": "[if(greater(length(variables('puredAzureSearchName')), 40), substring(variables('puredAzureSearchName'), sub(length(variables('puredAzureSearchName')), 40), 40) , variables('puredAzureSearchName'))]",
        "azureSearchName": "[toLower(concat(variables('normalizedAzureSearchName'), '-as', uniqueString(resourceGroup().id, variables('normalizedAzureSearchName'), parameters('azureSearchSku'), parameters('azureSearchLocation'),parameters('searchHostingMode'))))]",
        "systemAndUserIdentities": {
            "type": "SystemAssigned, UserAssigned",
            "userAssignedIdentities": "[if(contains(string(parameters('identity')),'userAssignedIdentities'), parameters('identity').userAssignedIdentities, json('{}'))]"
        }
    },
    "resources": [
        {
            "type": "Microsoft.CognitiveServices/accounts",
            "apiVersion": "2024-10-01",
            "name": "[parameters('name')]",
            "location": "[parameters('location')]",
            "tags": "[if(contains(parameters('tagValues'), 'Microsoft.CognitiveServices/accounts'), parameters('tagValues')['Microsoft.CognitiveServices/accounts'], json('{}'))]",
            "sku": {
                "name": "[parameters('sku')]"
            },
            "kind": "TextAnalytics",
            "identity": "[if(contains(string(parameters('identity')),'userAssignedIdentities'), variables('systemAndUserIdentities'), parameters('identity'))]",
            "properties": {
                "customSubDomainName": "[toLower(parameters('name'))]",
                "publicNetworkAccess": "Enabled",
                "networkAcls": {
                    "defaultAction": "Allow",
                    "virtualNetworkRules": "[if(and(equals(parameters('virtualNetworkType'), 'External'), not(empty(parameters('vnet')))), json(concat('[{\"id\": \"', concat(subscription().id, '/resourceGroups/', parameters('vnet').privateEndpointConfiguration.resourceGroup, '/providers/Microsoft.Network/virtualNetworks/', parameters('vnet').name, '/subnets/', parameters('vnet').subnets.subnet.name), '\"}]')), json('[]'))]",
                    "ipRules": "[if(or(empty(parameters('ipRules')), empty(parameters('ipRules')[0].value)), json('[]'), parameters('ipRules'))]"
                },
                "apiProperties": {
                    "qnaAzureSearchEndpointId": "[resourceId('Microsoft.Search/searchServices', variables('azureSearchName'))]",
                    "qnaAzureSearchEndpointKey": "[listadminkeys(resourceId('Microsoft.Search/searchServices', variables('azureSearchName')), '2015-08-19').primaryKey]"
                }
            }
        }
    ]
}