{
    "$schema": "https://schema.management.azure.com/schemas/2015-01-01/deploymentParameters.json#",
    "contentVersion": "1.0.0.0",
    "parameters": {
        "botId": {
            "value": {
                "type": "String",
                "value": "atcsllanguagestudio"
            }
        },
        "location": {
            "value": {
                "type": "String",
                "value": "centralindia"
            }
        },
        "sku": {
            "value": {
                "type": "String",
                "value": "S1"
            }
        },
        "siteName": {
            "value": {
                "type": "String",
                "value": "Central India"
            }
        },
        "appServiceLocation": {
            "value": {
                "type": "String",
                "value": ""
            }
        },
        "appId": {
            "value": {
                "type": "String",
                "value": ""
            }
        },
        "tenantId": {
            "value": {
                "type": "String",
                "value": ""
            }
        },
        "resourceId": {
            "value": {
                "type": "String",
                "value": ""
            }
        },
        "sdkLanguage": {
            "value": {
                "type": "String",
                "value": "C#"
            }
        },
        "serverFarmId": {
            "value": {
                "type": "String",
                "value": ""
            }
        },
        "qnAKnowledgebaseId": {
            "value": {
                "type": "String",
                "value": ""
            }
        },
        "qnAEndpointKey": {
            "value": {
                "type": "String",
                "value": ""
            }
        },
        "languageResourceKey": {
            "value": {
                "type": "String",
                "value": "8ZpeK4VcqaAG3q2weXBDoWv6x8VyVgMT5V9rUDOr2WdbXtwAP2U5JQQJ99BGACYeBjFXJ3w3AAAaACOGEzMl"
            }
        },
        "qnAEndpointHostName": {
            "value": {
                "type": "String",
                "value": ""
            }
        },
        "projectName": {
            "value": {
                "type": "String",
                "value": ""
            }
        },
        "languageEndpointHostName": {
            "value": {
                "type": "String",
                "value": ""
            }
        },
        "createNewApp": {
            "value": {
                "type": "Bool",
                "value": true
            }
        },
        "createServerFarm": {
            "value": {
                "type": "Bool",
                "value": true
            }
        },
        "serverFarmSku": {
            "value": {
                "type": "Object",
                "value": {
                    "name": "S1",
                    "tier": "Standard",
                    "size": "S1",
                    "family": "S",
                    "capacity": 1
                }
            }
        },
        "serverFarmName": {
            "value": {
                "type": "String",
                "value": "atscllanguagestudio"
            }
        }
    }
}